{
  "__inputs": [
    {
      "name": "DS_ZABBIX",
      "label": "Zabbix",
      "description": "",
      "type": "datasource",
      "pluginId": "alexanderzobnin-zabbix-datasource",
      "pluginName": "Zabbix"
    }
  ],
  "__requires": [
    {
      "type": "datasource",
      "id": "alexanderzobnin-zabbix-datasource",
      "name": "Zabbix",
      "version": "1.0.0"
    },
    {
      "type": "panel",
      "id": "bargauge",
      "name": "Bar Gauge",
      "version": ""
    },
    {
      "type": "grafana",
      "id": "grafana",
      "name": "Grafana",
      "version": "6.2.5"
    },
    {
      "type": "panel",
      "id": "singlestat",
      "name": "Singlestat",
      "version": ""
    }
  ],
  "annotations": {
    "list": [
      {
        "builtIn": 1,
        "datasource": "-- Grafana --",
        "enable": true,
        "hide": true,
        "iconColor": "rgba(0, 211, 255, 1)",
        "name": "Annotations & Alerts",
        "type": "dashboard"
      }
    ]
  },
  "editable": true,
  "gnetId": null,
  "graphTooltip": 0,
  "id": null,
  "iteration": 1567618697275,
  "links": [],
  "panels": [
    {
      "collapsed": true,
      "gridPos": {
        "h": 1,
        "w": 24,
        "x": 0,
        "y": 0
      },
      "id": 6,
      "panels": [
        {
          "cacheTimeout": null,
          "colorBackground": true,
          "colorValue": false,
          "colors": [
            "#299c46",
            "#37872D",
            "#d44a3a"
          ],
          "decimals": 0,
          "format": "none",
          "gauge": {
            "maxValue": 100,
            "minValue": 0,
            "show": false,
            "thresholdLabels": false,
            "thresholdMarkers": true
          },
          "gridPos": {
            "h": 4,
            "w": 6,
            "x": 0,
            "y": 1
          },
          "id": 8,
          "interval": null,
          "links": [],
          "mappingType": 1,
          "mappingTypes": [
            {
              "name": "value to text",
              "value": 1
            },
            {
              "name": "range to text",
              "value": 2
            }
          ],
          "maxDataPoints": 100,
          "nullPointMode": "connected",
          "nullText": null,
          "options": {},
          "postfix": "",
          "postfixFontSize": "50%",
          "prefix": "",
          "prefixFontSize": "50%",
          "rangeMaps": [
            {
              "from": "null",
              "text": "N/A",
              "to": "null"
            }
          ],
          "sparkline": {
            "fillColor": "rgba(31, 118, 189, 0.18)",
            "full": false,
            "lineColor": "rgb(31, 120, 193)",
            "show": false
          },
          "tableColumn": "",
          "targets": [
            {
              "application": {
                "filter": "/.*/"
              },
              "functions": [],
              "group": {
                "filter": "$Group"
              },
              "host": {
                "filter": "$Domain"
              },
              "item": {
                "filter": "Status"
              },
              "mode": 2,
              "options": {
                "showDisabledItems": false,
                "skipEmptyValues": false
              },
              "refId": "A",
              "resultFormat": "time_series",
              "table": {
                "skipEmptyValues": false
              },
              "triggers": {
                "acknowledged": 2,
                "count": true,
                "minSeverity": 3
              }
            }
          ],
          "thresholds": "",
          "timeFrom": null,
          "timeShift": null,
          "title": "Status",
          "type": "singlestat",
          "valueFontSize": "80%",
          "valueMaps": [
            {
              "op": "=",
              "text": "N/A",
              "value": "null"
            }
          ],
          "valueName": "current"
        },
        {
          "cacheTimeout": null,
          "colorBackground": true,
          "colorValue": false,
          "colors": [
            "#299c46",
            "#37872D",
            "#d44a3a"
          ],
          "decimals": 0,
          "format": "none",
          "gauge": {
            "maxValue": 100,
            "minValue": 0,
            "show": false,
            "thresholdLabels": false,
            "thresholdMarkers": true
          },
          "gridPos": {
            "h": 4,
            "w": 6,
            "x": 6,
            "y": 1
          },
          "id": 9,
          "interval": null,
          "links": [],
          "mappingType": 1,
          "mappingTypes": [
            {
              "name": "value to text",
              "value": 1
            },
            {
              "name": "range to text",
              "value": 2
            }
          ],
          "maxDataPoints": 100,
          "nullPointMode": "connected",
          "nullText": null,
          "options": {},
          "postfix": "",
          "postfixFontSize": "50%",
          "prefix": "",
          "prefixFontSize": "50%",
          "rangeMaps": [
            {
              "from": "null",
              "text": "N/A",
              "to": "null"
            }
          ],
          "sparkline": {
            "fillColor": "rgba(31, 118, 189, 0.18)",
            "full": false,
            "lineColor": "rgb(31, 120, 193)",
            "show": false
          },
          "tableColumn": "",
          "targets": [
            {
              "application": {
                "filter": "/.*/"
              },
              "functions": [],
              "group": {
                "filter": "$Group"
              },
              "host": {
                "filter": "$Domain"
              },
              "item": {
                "filter": "Localizacao"
              },
              "mode": 2,
              "options": {
                "showDisabledItems": false,
                "skipEmptyValues": false
              },
              "refId": "A",
              "resultFormat": "time_series",
              "table": {
                "skipEmptyValues": false
              },
              "triggers": {
                "acknowledged": 2,
                "count": true,
                "minSeverity": 3
              }
            }
          ],
          "thresholds": "",
          "timeFrom": null,
          "timeShift": null,
          "title": "Localizacao",
          "type": "singlestat",
          "valueFontSize": "80%",
          "valueMaps": [
            {
              "op": "=",
              "text": "N/A",
              "value": "null"
            }
          ],
          "valueName": "current"
        },
        {
          "cacheTimeout": null,
          "colorBackground": true,
          "colorValue": false,
          "colors": [
            "#299c46",
            "#37872D",
            "#d44a3a"
          ],
          "decimals": 0,
          "format": "none",
          "gauge": {
            "maxValue": 100,
            "minValue": 0,
            "show": false,
            "thresholdLabels": false,
            "thresholdMarkers": true
          },
          "gridPos": {
            "h": 4,
            "w": 6,
            "x": 12,
            "y": 1
          },
          "id": 10,
          "interval": null,
          "links": [],
          "mappingType": 1,
          "mappingTypes": [
            {
              "name": "value to text",
              "value": 1
            },
            {
              "name": "range to text",
              "value": 2
            }
          ],
          "maxDataPoints": 100,
          "nullPointMode": "connected",
          "nullText": null,
          "options": {},
          "postfix": "",
          "postfixFontSize": "50%",
          "prefix": "",
          "prefixFontSize": "50%",
          "rangeMaps": [
            {
              "from": "null",
              "text": "N/A",
              "to": "null"
            }
          ],
          "sparkline": {
            "fillColor": "rgba(31, 118, 189, 0.18)",
            "full": false,
            "lineColor": "rgb(31, 120, 193)",
            "show": false
          },
          "tableColumn": "",
          "targets": [
            {
              "application": {
                "filter": "/.*/"
              },
              "functions": [],
              "group": {
                "filter": "$Group"
              },
              "host": {
                "filter": "$Domain"
              },
              "item": {
                "filter": "Dias para expirar o dominio"
              },
              "mode": 0,
              "options": {
                "showDisabledItems": false,
                "skipEmptyValues": false
              },
              "refId": "A",
              "resultFormat": "time_series",
              "table": {
                "skipEmptyValues": false
              },
              "triggers": {
                "acknowledged": 2,
                "count": true,
                "minSeverity": 3
              }
            }
          ],
          "thresholds": "",
          "timeFrom": null,
          "timeShift": null,
          "title": "Dias para expirar o dominio",
          "type": "singlestat",
          "valueFontSize": "80%",
          "valueMaps": [
            {
              "op": "=",
              "text": "N/A",
              "value": "null"
            }
          ],
          "valueName": "current"
        },
        {
          "cacheTimeout": null,
          "colorBackground": true,
          "colorValue": false,
          "colors": [
            "#299c46",
            "#37872D",
            "#d44a3a"
          ],
          "decimals": 0,
          "format": "none",
          "gauge": {
            "maxValue": 100,
            "minValue": 0,
            "show": false,
            "thresholdLabels": false,
            "thresholdMarkers": true
          },
          "gridPos": {
            "h": 4,
            "w": 6,
            "x": 18,
            "y": 1
          },
          "id": 11,
          "interval": null,
          "links": [],
          "mappingType": 1,
          "mappingTypes": [
            {
              "name": "value to text",
              "value": 1
            },
            {
              "name": "range to text",
              "value": 2
            }
          ],
          "maxDataPoints": 100,
          "nullPointMode": "connected",
          "nullText": null,
          "options": {},
          "postfix": "",
          "postfixFontSize": "50%",
          "prefix": "",
          "prefixFontSize": "50%",
          "rangeMaps": [
            {
              "from": "null",
              "text": "N/A",
              "to": "null"
            }
          ],
          "sparkline": {
            "fillColor": "rgba(31, 118, 189, 0.18)",
            "full": false,
            "lineColor": "rgb(31, 120, 193)",
            "show": false
          },
          "tableColumn": "",
          "targets": [
            {
              "application": {
                "filter": "/.*/"
              },
              "functions": [],
              "group": {
                "filter": "$Group"
              },
              "host": {
                "filter": "$Domain"
              },
              "item": {
                "filter": "Expiração do dominio"
              },
              "mode": 0,
              "options": {
                "showDisabledItems": false,
                "skipEmptyValues": false
              },
              "refId": "A",
              "resultFormat": "time_series",
              "table": {
                "skipEmptyValues": false
              },
              "triggers": {
                "acknowledged": 2,
                "count": true,
                "minSeverity": 3
              }
            }
          ],
          "thresholds": "",
          "timeFrom": null,
          "timeShift": null,
          "title": "Dias para expirar o dominio",
          "type": "singlestat",
          "valueFontSize": "80%",
          "valueMaps": [
            {
              "op": "=",
              "text": "N/A",
              "value": "null"
            }
          ],
          "valueName": "current"
        }
      ],
      "title": "Informacoes detalhadas",
      "type": "row"
    },
    {
      "collapsed": false,
      "gridPos": {
        "h": 1,
        "w": 24,
        "x": 0,
        "y": 1
      },
      "id": 4,
      "panels": [],
      "title": "Informacoes global de expiração.",
      "type": "row"
    },
    {
      "datasource": "${DS_ZABBIX}",
      "gridPos": {
        "h": 13,
        "w": 8,
        "x": 0,
        "y": 2
      },
      "id": 2,
      "links": [],
      "options": {
        "displayMode": "basic",
        "fieldOptions": {
          "calcs": [
            "last"
          ],
          "defaults": {
            "max": 1000,
            "min": 0,
            "title": ""
          },
          "mappings": [],
          "override": {},
          "thresholds": [
            {
              "color": "semi-dark-red",
              "index": 0,
              "value": null
            },
            {
              "color": "super-light-yellow",
              "index": 1,
              "value": 100
            },
            {
              "color": "super-light-green",
              "index": 2,
              "value": 200
            },
            {
              "color": "dark-green",
              "index": 3,
              "value": 300
            }
          ],
          "values": false
        },
        "orientation": "horizontal"
      },
      "targets": [
        {
          "application": {
            "filter": "/.*/"
          },
          "functions": [],
          "group": {
            "filter": "Zabbix servers"
          },
          "host": {
            "filter": "/.*/"
          },
          "item": {
            "filter": "Dias para expirar o dominio"
          },
          "mode": 0,
          "options": {
            "showDisabledItems": false,
            "skipEmptyValues": false
          },
          "refId": "A",
          "resultFormat": "time_series",
          "table": {
            "skipEmptyValues": false
          },
          "triggers": {
            "acknowledged": 2,
            "count": true,
            "minSeverity": 3
          }
        }
      ],
      "timeFrom": null,
      "timeShift": null,
      "title": "Dias Expiração dos dominios",
      "type": "bargauge"
    },
    {
      "datasource": "${DS_ZABBIX}",
      "gridPos": {
        "h": 13,
        "w": 8,
        "x": 8,
        "y": 2
      },
      "id": 12,
      "links": [],
      "options": {
        "displayMode": "basic",
        "fieldOptions": {
          "calcs": [
            "last"
          ],
          "defaults": {
            "max": 1000,
            "min": 0,
            "title": ""
          },
          "mappings": [],
          "override": {},
          "thresholds": [
            {
              "color": "semi-dark-red",
              "index": 0,
              "value": null
            },
            {
              "color": "super-light-yellow",
              "index": 1,
              "value": 100
            },
            {
              "color": "super-light-green",
              "index": 2,
              "value": 200
            },
            {
              "color": "dark-green",
              "index": 3,
              "value": 300
            }
          ],
          "values": false
        },
        "orientation": "horizontal"
      },
      "targets": [
        {
          "application": {
            "filter": "/.*/"
          },
          "functions": [],
          "group": {
            "filter": "Zabbix servers"
          },
          "host": {
            "filter": "/.*/"
          },
          "item": {
            "filter": "Expiração do dominio"
          },
          "mode": 0,
          "options": {
            "showDisabledItems": false,
            "skipEmptyValues": false
          },
          "refId": "A",
          "resultFormat": "time_series",
          "table": {
            "skipEmptyValues": false
          },
          "triggers": {
            "acknowledged": 2,
            "count": true,
            "minSeverity": 3
          }
        }
      ],
      "timeFrom": null,
      "timeShift": null,
      "title": "Data Expiração dos dominios",
      "type": "bargauge"
    },
    {
      "datasource": "${DS_ZABBIX}",
      "gridPos": {
        "h": 13,
        "w": 8,
        "x": 16,
        "y": 2
      },
      "id": 13,
      "links": [],
      "options": {
        "displayMode": "basic",
        "fieldOptions": {
          "calcs": [
            "last"
          ],
          "defaults": {
            "max": 1000,
            "min": 0,
            "title": ""
          },
          "mappings": [],
          "override": {},
          "thresholds": [
            {
              "color": "semi-dark-red",
              "index": 0,
              "value": null
            },
            {
              "color": "super-light-yellow",
              "index": 1,
              "value": 100
            },
            {
              "color": "super-light-green",
              "index": 2,
              "value": 200
            },
            {
              "color": "dark-green",
              "index": 3,
              "value": 300
            }
          ],
          "values": false
        },
        "orientation": "horizontal"
      },
      "targets": [
        {
          "application": {
            "filter": "/.*/"
          },
          "functions": [],
          "group": {
            "filter": "Zabbix servers"
          },
          "host": {
            "filter": "/.*/"
          },
          "item": {
            "filter": "Dias para expirar o certificado digital"
          },
          "mode": 0,
          "options": {
            "showDisabledItems": false,
            "skipEmptyValues": false
          },
          "refId": "A",
          "resultFormat": "time_series",
          "table": {
            "skipEmptyValues": false
          },
          "triggers": {
            "acknowledged": 2,
            "count": true,
            "minSeverity": 3
          }
        }
      ],
      "timeFrom": null,
      "timeShift": null,
      "title": "Dias para  Expiração o certificado digital",
      "type": "bargauge"
    }
  ],
  "schemaVersion": 18,
  "style": "dark",
  "tags": [],
  "templating": {
    "list": [
      {
        "allValue": null,
        "current": {},
        "datasource": "${DS_ZABBIX}",
        "definition": "*",
        "hide": 0,
        "includeAll": false,
        "label": "Group",
        "multi": false,
        "name": "Group",
        "options": [],
        "query": "*",
        "refresh": 1,
        "regex": "",
        "skipUrlSync": false,
        "sort": 0,
        "tagValuesQuery": "",
        "tags": [],
        "tagsQuery": "",
        "type": "query",
        "useTags": false
      },
      {
        "allValue": null,
        "current": {},
        "datasource": "${DS_ZABBIX}",
        "definition": "$Group.*",
        "hide": 0,
        "includeAll": false,
        "label": null,
        "multi": false,
        "name": "Domain",
        "options": [],
        "query": "$Group.*",
        "refresh": 1,
        "regex": "",
        "skipUrlSync": false,
        "sort": 0,
        "tagValuesQuery": "",
        "tags": [],
        "tagsQuery": "",
        "type": "query",
        "useTags": false
      }
    ]
  },
  "time": {
    "from": "now-6h",
    "to": "now"
  },
  "timepicker": {
    "refresh_intervals": [
      "5s",
      "10s",
      "30s",
      "1m",
      "5m",
      "15m",
      "30m",
      "1h",
      "2h",
      "1d"
    ],
    "time_options": [
      "5m",
      "15m",
      "1h",
      "6h",
      "12h",
      "24h",
      "2d",
      "7d",
      "30d"
    ]
  },
  "timezone": "",
  "title": "Dashboard dominios",
  "uid": "3tK_XgcZz",
  "version": 26
}