<?xml version="1.0" encoding="UTF-8"?>
<zabbix_export>
    <version>5.4</version>
    <date>2021-11-25T10:49:27Z</date>
    <groups>
        <group>
            <uuid>9d0184fc480648d5af5191311522fa52</uuid>
            <name>Templates/Padrao</name>
        </group>
    </groups>
    <templates>
        <template>
            <uuid>afa54151328e4b06bd9df0a62585c176</uuid>
            <template>Template_Monitoramento_portas-versao-0.0.1</template>
            <name>Template_Monitoramento_portas-versao-0.0.1</name>
            <groups>
                <group>
                    <name>Templates/Padrao</name>
                </group>
            </groups>
            <items>
                <item>
                    <uuid>f2b1fff11fd4488e9a995c5bc03ae482</uuid>
                    <name>Porta 10050 performance</name>
                    <type>SIMPLE</type>
                    <key>net.tcp.service.perf[tcp,,10050]</key>
                    <value_type>FLOAT</value_type>
                    <units>s</units>
                    <valuemap>
                        <name>Status da porta tcp</name>
                    </valuemap>
                    <tags>
                        <tag>
                            <tag>Application</tag>
                            <value>Portas</value>
                        </tag>
                    </tags>
                </item>
                <item>
                    <uuid>4863de9490b54cca879c1b620453b4b2</uuid>
                    <name>Porta 10050</name>
                    <type>SIMPLE</type>
                    <key>net.tcp.service[tcp,,10050]</key>
                    <valuemap>
                        <name>Status da porta tcp</name>
                    </valuemap>
                    <tags>
                        <tag>
                            <tag>Application</tag>
                            <value>Portas</value>
                        </tag>
                    </tags>
                    <triggers>
                        <trigger>
                            <uuid>b893cbb16c154789bd424e7f8f1e5a21</uuid>
                            <expression>last(/Template_Monitoramento_portas-versao-0.0.1/net.tcp.service[tcp,,10050])&lt;&gt;1</expression>
                            <name>A porta 10050 não esta funcionando no servidor {HOST.NAME}</name>
                            <priority>WARNING</priority>
                            <manual_close>YES</manual_close>
                        </trigger>
                    </triggers>
                </item>
            </items>
            <valuemaps>
                <valuemap>
                    <uuid>a953a47c7fca44168b1e489ccf53711a</uuid>
                    <name>Status da porta tcp</name>
                    <mappings>
                        <mapping>
                            <value>0</value>
                            <newvalue>Down!</newvalue>
                        </mapping>
                        <mapping>
                            <value>1</value>
                            <newvalue>UP!</newvalue>
                        </mapping>
                    </mappings>
                </valuemap>
            </valuemaps>
        </template>
    </templates>
</zabbix_export>
