<?xml version="1.0" encoding="UTF-8"?>
<zabbix_export>
    <version>5.4</version>
    <date>2021-11-24T20:26:18Z</date>
    <groups>
        <group>
            <uuid>9d0184fc480648d5af5191311522fa52</uuid>
            <name>Templates/Padrao</name>
        </group>
    </groups>
    <templates>
        <template>
            <uuid>e06fb5374d2e43238d6682f76f99ddf0</uuid>
            <template>Template_ICMP-versao-0.0.1</template>
            <name>Template_ICMP-versao-0.0.1</name>
            <description>Esse template e nosso template padrao de monitoramento de sistemas operacionais Linux e Windows utilizando o agente passivo.</description>
            <groups>
                <group>
                    <name>Templates/Padrao</name>
                </group>
            </groups>
            <items>
                <item>
                    <uuid>00819a2de0cf45559216af7f3f959211</uuid>
                    <name>Ping</name>
                    <type>SIMPLE</type>
                    <key>icmpping</key>
                    <history>60d</history>
                    <trends>90d</trends>
                    <valuemap>
                        <name>Status ICMP</name>
                    </valuemap>
                    <tags>
                        <tag>
                            <tag>Application</tag>
                            <value>Status</value>
                        </tag>
                    </tags>
                    <triggers>
                        <trigger>
                            <uuid>73419fec7a604fa6aff67eb63ce91e07</uuid>
                            <expression>max(/Template_ICMP-versao-0.0.1/icmpping,#3)&lt;&gt;1</expression>
                            <name>01- O Servidor {HOST.NAME} não responde a ping!</name>
                            <priority>DISASTER</priority>
                            <manual_close>YES</manual_close>
                        </trigger>
                    </triggers>
                </item>
                <item>
                    <uuid>cb8cac78b46f4be5b517b5c697cb263b</uuid>
                    <name>Ping Loss</name>
                    <type>SIMPLE</type>
                    <key>icmppingloss</key>
                    <history>60d</history>
                    <trends>90d</trends>
                    <value_type>FLOAT</value_type>
                    <units>%</units>
                    <tags>
                        <tag>
                            <tag>Application</tag>
                            <value>Status</value>
                        </tag>
                    </tags>
                    <triggers>
                        <trigger>
                            <uuid>a5ac06718e9948a8a1454fe0a84219aa</uuid>
                            <expression>min(/Template_ICMP-versao-0.0.1/icmppingloss,2m)&gt;20</expression>
                            <name>02- O Servidor {HOST.NAME} esta com perda de pacote muito alto!</name>
                            <priority>WARNING</priority>
                            <manual_close>YES</manual_close>
                            <dependencies>
                                <dependency>
                                    <name>01- O Servidor {HOST.NAME} não responde a ping!</name>
                                    <expression>max(/Template_ICMP-versao-0.0.1/icmpping,#3)&lt;&gt;1</expression>
                                </dependency>
                            </dependencies>
                        </trigger>
                    </triggers>
                </item>
                <item>
                    <uuid>a62f1ae4c4b149fc9f26461ec8ff1262</uuid>
                    <name>Ping sec</name>
                    <type>SIMPLE</type>
                    <key>icmppingsec</key>
                    <history>60d</history>
                    <trends>90d</trends>
                    <value_type>FLOAT</value_type>
                    <units>s</units>
                    <tags>
                        <tag>
                            <tag>Application</tag>
                            <value>Status</value>
                        </tag>
                    </tags>
                    <triggers>
                        <trigger>
                            <uuid>4ed5d25bd99c426583cc3f479971eb72</uuid>
                            <expression>avg(/Template_ICMP-versao-0.0.1/icmppingsec,2m)&gt;0.15</expression>
                            <name>03- O tempo de resposta no Servidor {HOST.NAME} esta muito alto!</name>
                            <priority>WARNING</priority>
                            <manual_close>YES</manual_close>
                            <dependencies>
                                <dependency>
                                    <name>01- O Servidor {HOST.NAME} não responde a ping!</name>
                                    <expression>max(/Template_ICMP-versao-0.0.1/icmpping,#3)&lt;&gt;1</expression>
                                </dependency>
                            </dependencies>
                        </trigger>
                    </triggers>
                </item>
            </items>
            <valuemaps>
                <valuemap>
                    <uuid>ddf04a030fa94b9aa2dfcc78c115d9dc</uuid>
                    <name>Status ICMP</name>
                    <mappings>
                        <mapping>
                            <value>1</value>
                            <newvalue>UP!</newvalue>
                        </mapping>
                        <mapping>
                            <value>0</value>
                            <newvalue>Down!</newvalue>
                        </mapping>
                    </mappings>
                </valuemap>
            </valuemaps>
        </template>
    </templates>
</zabbix_export>
